{"3hyd3c.jpg": [51.86111632664953, 36.404958640641986, 49.484873416807403], "3p2v1i.jpg": [90.138891000000001, 53.962586999999999, 66.870417000000003], "1qwrpv.jpg": [58.162199815327796, 51.233342936288089, 52.47467947060634], "39jrqz.jpg": [75.7496106442577, 64.339211484593832, 65.590754201680667], "3fw0d8.jpg": [76.684508978675652, 37.874500561167231, 39.658893799102131], "1jir05.jpg": [65.211427, 53.701965000000001, 58.252544999999998], "442yzk.jpg": [48.293828124999997, 46.459864366319444, 46.504256727430558], "3qsqz4.jpg": [70.474179267883301, 68.632393836975098, 69.736085891723633], "137ubg.jpg": [84.843484739259424, 65.436737895153968, 79.114377689620525], "3px129.jpg": [109.58761935763889, 53.316046006944447, 58.352315538194446], "3p7t3k.jpg": [220.31199108664495, 213.72683707101072, 217.53689843636295], "3lfroe.jpg": [86.791835298058814, 83.912664783427502, 84.331952593075471], "3krs6x.jpg": [37.115749000000001, 27.771296, 34.869318], "3sd6w6.jpg": [19.928691234794361, 10.242760335376371, 11.992444355961766], "3r65j8.jpg": [114.6305970073321, 96.049971408279589, 107.12476775586538], "2avh93.jpg": [134.65144926297435, 122.91873058068818, 126.47038114205854], "1zqsrg.jpg": [58.778427999999998, 50.562423000000003, 56.772925000000001], "39sc6g.jpg": [48.095680512452233, 44.863696811921308, 44.883393713611532], "44t7wp.jpg": [75.4381601362862, 59.109439948892671, 71.502080494037472], "3i1azw.jpg": [97.734425333333334, 89.528419999999997, 89.778320888888885], "29sglt.jpg": [68.032752099986439, 43.502911063805406, 57.753745891969636], "391ha7.jpg": [50.598760185662712, 30.909763280041258, 37.784104693140797], "3mua79.jpg": [155.65783023834229, 56.617458343505859, 105.45353126525879], "20szou.jpg": [55.054261678004536, 46.455712471655332, 53.559170521541951], "383cep.jpg": [51.137036527165932, 28.828357195301027, 34.077096182085171], "wafqg.jpg": [107.61599537037037, 99.865478395061729, 107.06027777777778], "2aesty.jpg": [129.87523822676425, 117.09512874327399, 122.27436085462737], "3dauln.jpg": [83.037047222222228, 49.569039583333335, 75.274511805555562], "43rspf.jpg": [110.02224537037037, 41.51306954089506, 45.720618248456788], "22gn7g.jpg": [133.83185, 131.87215900000001, 132.405541], "24gonu.jpg": [59.367082828282825, 52.048913131313128, 55.534371717171716], "1iuua1.jpg": [17.274601405622491, 17.096187751004017, 17.250301204819277], "1gkq5a.jpg": [119.95045289921795, 76.78242471118314, 93.904306041520883], "1fmjhq.jpg": [98.664359498103295, 62.394689724018242, 62.640317110254479], "46t3ak.jpg": [106.47391728395061, 104.65973456790124, 105.01833950617284], "1kymt1.jpg": [130.62999646892655, 119.37242035467671, 123.91838512241054], "3b7m7c.jpg": [125.11476121883656, 99.349259464450597, 123.75528716528163], "3o2ac8.jpg": [35.927201271057129, 20.828258514404297, 23.645563125610352], "2dv2rp.jpg": [83.092886222222219, 70.832910666666663, 76.390218222222217], "1gc3gt.jpg": [100.048473, 60.010153000000003, 61.159232000000003], "3oodaf.jpg": [148.99102878570557, 116.05937933921814, 143.13987803459167], "3ne3ea.jpg": [100.38221299999999, 95.853783000000007, 99.114225000000005], "wyr7x.jpg": [140.35869529314616, 99.36175887696119, 110.19652146985962], "3upwr2.jpg": [73.632045138888884, 51.191999305555555, 60.043992361111108], "268yxl.jpg": [93.869622222222219, 69.760388888888883, 70.74433333333333], "3sfmlq.jpg": [100.06263129340277, 51.227921006944442, 59.941690538194443], "3unw9b.jpg": [104.48423703703703, 82.155688888888889, 87.76912469135803], "3y8w0d.jpg": [118.37456400000001, 96.962379999999996, 115.864948], "3phuvd.jpg": [211.00985277777778, 202.38604444444445, 207.16838055555556], "3ov7sm.jpg": [91.106660718371089, 58.23679935941432, 59.959207961564857], "4a2gu0.jpg": [59.658639412100456, 37.650511558219179, 54.387766837899541], "42fp25.jpg": [85.125395555555556, 73.588621777777774, 75.93300577777778], "3q2grw.jpg": [137.2814035467128, 115.12022707612456, 115.88869377162629], "3dawgh.jpg": [78.991241280136677, 43.361374254379037, 46.381923156796233], "1c0rz3.jpg": [92.674089626736105, 61.572366536458333, 70.107188585069451]}