{"3kug4s.jpg": [86.008932888888893, 85.961242222222225, 85.935917333333336], "3ltdaa.jpg": [84.355391498881431, 77.006588366890384, 65.139138702460855], "3hxkv4.jpg": [88.550010656436484, 67.450593208297818, 46.798926541631147], "4adisj.jpg": [52.161631555555559, 36.224277777777779, 27.723706222222223], "3v6018.jpg": [134.84955299999999, 88.714003000000005, 71.391114999999999], "3owvs3.jpg": [57.190625826427656, 45.024711400879234, 43.77249999875491], "486251.jpg": [102.1890953125, 94.794071875, 71.268510937499997], "3gn49k.jpg": [57.957370750000003, 57.380834999999998, 56.774482749999997], "39gf1m.jpg": [138.76729791666668, 136.46319513888889, 135.80653680555557], "wr3ch.jpg": [85.02553826431641, 78.708553610284227, 66.763836048705883], "3qa922.jpg": [226.6962111111111, 206.77935902777779, 199.87941597222223], "1mqyfr.jpg": [94.545283999999995, 71.419979999999995, 35.854503999999999], "3w0cfb.jpg": [36.716318749999999, 36.56864652777778, 31.357452777777777], "3bb8j7.jpg": [80.541627083333339, 62.989419444444444, 25.410478472222223], "2hm2a7.jpg": [100.12544080301069, 92.375304640372505, 84.173468691126914], "3nurzt.jpg": [113.19951875, 109.56832847222222, 100.13980763888888], "3lsreq.jpg": [23.59599861111111, 21.583056944444444, 19.093332638888889], "3ox5fz.jpg": [66.321774222222217, 62.242889777777776, 57.920699111111112], "3votbv.jpg": [154.77955629035358, 144.2877412334166, 95.910888339584318], "3p1wpp.jpg": [92.512687999999997, 77.97851555555556, 65.613757777777778], "1slbmt.jpg": [123.367734375, 103.78697157118056, 88.089742838541667], "1a052m.jpg": [52.326072307781956, 48.909376962571137, 42.345901093138117], "1dkuse.jpg": [76.527261224489791, 69.694075510204087, 60.929857142857145], "47ktyt.jpg": [115.049008, 114.527976, 111.718692], "u7rop.jpg": [34.790305102040818, 33.086743367346941, 29.074293367346939], "1um0oh.jpg": [94.872536609936816, 70.453349897301663, 45.191733370567462], "3pa9i5.jpg": [78.165026999999995, 78.093107000000003, 76.095912999999996], "48sgmt.jpg": [101.10558436630407, 75.527140327418593, 65.555499339460894], "2fzrke.jpg": [43.498812116136236, 43.188165131211612, 40.538257956448909], "3eipz2.jpg": [57.569520408163264, 55.633718367346937, 54.604820408163263], "18n304.jpg": [65.694680384087789, 42.428935162322816, 23.731992135345223], "3rmebr.jpg": [153.96657953990407, 151.16005406762184, 150.85224289356444], "1l2yvs.jpg": [115.157664, 96.634878999999998, 94.634066000000004], "3njl2a.jpg": [43.063069777777777, 36.821320444444446, 31.203366222222222], "3u1qsk.jpg": [97.06843680555555, 90.213157638888887, 85.895718055555562], "2e23l4.jpg": [92.411574222222228, 78.100703555555555, 65.455943111111111], "42qzaa.jpg": [98.972787555555556, 97.52360044444444, 97.470751555555552], "1c7y13.jpg": [93.164567400412309, 79.231091840127689, 77.855606304449026], "2nxu6h.jpg": [122.83936577777777, 76.980223555555554, 73.062752888888895], "44fzn0.jpg": [62.992623697916663, 56.880108506944445, 56.385183376736109], "41klxp.jpg": [47.506614078820505, 38.863968330603299, 33.767924525549788], "2k74kw.jpg": [152.95070118374295, 128.43186049991183, 115.99376413557265], "45e0zh.jpg": [85.99881111111111, 74.319143749999995, 16.01978888888889], "2mwazo.jpg": [155.70252986230372, 150.81958319277479, 149.27354387726939], "427d0s.jpg": [74.655055576077103, 41.574162581013468, 39.418989892205914], "yzkkj.jpg": [98.668290080664207, 94.631119951744878, 73.35717541751275], "1ahpp6.jpg": [146.95271199999999, 106.008858, 84.335723000000002], "47b852.jpg": [108.16743495036451, 96.726042636109824, 83.645725482782694], "26uk7i.jpg": [112.17597394540942, 109.73210763027295, 108.54654621588089], "33ayw8.jpg": [48.203746222222222, 46.821977777777775, 45.73115111111111], "3dpwst.jpg": [109.78286574762139, 74.498581818903816, 65.016815869875046], "2oyx3e.jpg": [177.99659892879646, 177.0481734404537, 175.08313799621928], "3izx86.jpg": [163.80395899999999, 149.281869, 144.831107], "1l0t74.jpg": [93.756468949044589, 80.783576610049536, 59.181642560155694], "1zdhdd.jpg": [162.98627513771928, 83.050178570628162, 65.78483720962663], "3kr7vu.jpg": [86.901291000000001, 84.837862000000001, 78.111796999999996], "1p72fn.jpg": [97.014685540950452, 95.74241152679474, 95.302610717896869], "1otkfv.jpg": [58.399084375000001, 56.981864453124999, 55.841380468750003], "2ur9cu.jpg": [75.772785777777784, 75.166032000000001, 69.841523555555554], "1psm2t.JPG": [74.353293750000006, 57.514675694444442, 53.75381458333333], "3fvpuu.jpg": [73.064244000000002, 72.174475000000001, 24.878767], "1tp4qy.jpg": [66.224415305287664, 62.162220369980922, 50.54795977577848], "3xk33i.jpg": [67.590590000000006, 66.422533000000001, 65.434291000000002], "3ujupv.jpg": [126.15286864328137, 104.37768536562731, 89.580028535634739], "1omc67.jpg": [74.042546999999999, 73.483279999999993, 64.040284], "38wcvr.jpg": [74.082621000000003, 69.410708999999997, 60.134338], "1lpgp9.jpg": [95.127315643458033, 93.883356452478964, 93.347732459280479], "1sno1q.jpg": [103.52255357142857, 92.589117857142853, 73.729359693877555], "1k63p9.jpg": [76.796102537086483, 43.921771051591818, 30.24835334825972], "3bfl5s.jpg": [92.520674305555559, 72.316005555555549, 44.281530555555555], "15l875.jpg": [141.572035, 90.798157000000003, 83.787746999999996], "44y329.jpg": [88.045367270171951, 76.723950324487433, 67.82232530381944], "47k6iy.jpg": [165.95461624096509, 121.87055570941152, 98.083256383562116], "11iyfl.jpg": [166.54302397959182, 113.40719642857142, 106.85193826530612], "2q60oz.jpg": [104.4365368888889, 59.881022666666667, 29.851268888888889], "38px71.jpg": [32.568607177734378, 28.654518432617188, 25.47500244140625], "1rhfl1.jpg": [80.332687111111113, 61.199888000000001, 55.456740000000003], "3ljz2w.jpg": [38.474552706552707, 22.365435897435898, 15.755282051282052], "3fiaer.jpg": [85.684469000000007, 65.616487000000006, 50.768123000000003], "45dujk.jpg": [176.50290000000001, 116.546801, 105.104967], "2ei96k.jpg": [107.36109924316406, 84.399212837219238, 49.612032890319824], "3oq50m.jpg": [133.0249863958141, 104.95089344413665, 92.149341212680824], "xeh3f.jpg": [97.599591884328362, 90.640593905472642, 73.364765041977606], "376rcs.jpg": [39.147284722222224, 33.256127777777778, 7.1952555555555557], "3krrmg.jpg": [98.152979861111106, 91.648742361111104, 81.275743750000004], "1f3n1y.jpg": [85.21260929107666, 66.018791198730469, 54.124890327453613], "3j2fom.jpg": [28.163372826239506, 27.640539071699383, 27.620515740260569], "3jgluu.jpg": [59.622610089186175, 57.46821767001115, 56.409280936454849], "406tt1.jpg": [121.55049305555555, 120.30305416666667, 113.67976319444445], "41wjlt.jpg": [40.599474999999998, 32.741454166666664, 20.762638194444445], "3s5ewu.jpg": [27.797077847977956, 25.596807592752373, 25.276442428122131], "1ikaaz.jpg": [66.795725000000004, 66.072625000000002, 64.980658000000005], "445uxl.jpg": [92.276963194444448, 87.879064583333331, 53.814590277777775], "3j8tjp.jpg": [106.535366, 85.738569999999996, 77.048755], "3ekzx4.jpg": [93.334523925781255, 89.670437011718747, 70.434653320312506], "43i4cu.jpg": [112.18221698113207, 98.257027587192681, 56.329981417953114], "451yu8.jpg": [63.691316189236112, 57.497217881944444, 36.114901258680554], "43cdmz.jpg": [66.999446938775506, 56.390657142857144, 52.937402040816323], "3gumvy.jpg": [92.811273979591832, 87.458304081632647, 71.61450102040817], "449uuz.jpg": [117.432216, 104.23977377777778, 68.060658666666669], "2nf4el.jpg": [93.417547222222225, 83.818337499999998, 80.779447222222217], "rp0im.jpg": [121.28138375, 119.686756875, 91.128499375000004], "3bz1b4.jpg": [127.69878472222223, 112.02471597222222, 105.72515138888889], "3q1fak.jpg": [75.635287500000004, 68.240406250000007, 64.706562500000004], "47k7e7.jpg": [222.22628871511807, 218.94382781355412, 207.36757896350812], "1uv8ce.jpg": [81.713298394482962, 77.325416395029805, 75.585806287100539], "yvzqk_6.jpg": [65.420321151716507, 51.461539313399776, 42.346179401993354],