{"49knst.jpg": [93.501976318359368, 94.918049926757817, 92.599591674804685], "49aqf3.jpg": [64.393999305555553, 72.380590277777785, 53.573195833333337], "1xq94u.jpg": [44.363375879396983, 46.964945728643215, 26.7787216080402], "3bsffq.jpg": [169.98143754386183, 200.33478352060985, 161.70799287414079], "2n0pqe.jpg": [78.636956944444449, 80.337478472222216, 78.018238888888888], "36jo3g.jpg": [91.911071045322558, 93.221941180879938, 52.010719132685267], "1lavtq.jpg": [67.462638999999996, 67.954245, 50.262576000000003], "37xouh.jpg": [87.041313191121318, 88.666196993824371, 74.460194342505176], "32idn7.jpg": [112.22420703206288, 113.35601769220918, 100.43904571721279], "1uvvql.jpg": [101.69516754850088, 116.58480109739369, 95.689967246157721], "1jkxl7.jpg": [60.946413273309467, 69.152224610891139, 46.244293987028712], "416s2j.jpg": [119.76620625, 137.83273472222223, 80.821614583333329], "3ch418.jpg": [127.51306878306879, 127.6767850181008, 123.60197716513505], "1oa5i6.jpg": [58.61307142857143, 61.731010204081635, 43.506285204081635], "47nyfp.jpg": [78.002361622300839, 96.862265974572253, 30.478348824981509], "44ibfj.jpg": [188.61698799999999, 192.09846300000001, 178.496734], "1okqec.jpg": [175.09548251782763, 175.259801613739, 166.909343894194], "1t7epi.jpg": [48.077467619513598, 49.764828089219357, 46.462698007060865], "26hs7k.jpg": [97.167904081632656, 97.176751020408162, 97.16527142857143], "3h68bk.jpg": [105.19327907623817, 105.22569977740679, 105.16525459098497], "4744rt.jpg": [92.996656597673123, 99.774034098049341, 54.402731815692427], "3vqzs3.jpg": [105.43429946899414, 116.80125427246094, 104.37078857421875], "2t8qx1.jpg": [122.75973378425252, 123.85894729520754, 120.41975770320268], "1uqclz.jpg": [61.814371744791664, 70.979125434027779, 61.415781250000002], "2ui5hk.jpg": [61.839827378805083, 70.910519441850838, 61.625487737270419], "411yll.jpg": [90.525679999999994, 104.714663, 82.990401000000006], "435gmy.jpg": [75.296335671342689, 77.313928857715425, 71.371552104208419], "16b656.jpg": [43.490449061662197, 44.252417783735481, 42.365770330652367], "3jf7fu.jpg": [84.467023999999995, 101.991694, 80.810066000000006], "3klph0.jpg": [91.467118749999997, 101.90787656249999, 40.591609374999997], "3iiu1i.jpg": [87.085014256806474, 88.715989468359084, 74.703911423841063], "3ye07a.jpg": [51.839525000000002, 51.995181944444447, 45.126063888888886], "3fiabr.jpg": [61.321263000000002, 62.326616000000001, 61.284770000000002], "4ac1ez.jpg": [83.693768446180556, 93.960511067708339, 71.894288194444442], "4321ba.jpg": [121.61058565452505, 124.89994388327722, 119.74730537700235], "1gn7ep.jpg": [68.327259396588573, 73.220761895819436, 67.418997750492451], "43k8of.jpg": [74.816807555555556, 81.734138222222228, 57.636746222222222], "36mxfj.jpg": [69.046165000000002, 80.099778999999998, 52.929703000000003], "3jv1uk.jpg": [63.491723611111112, 63.491826388888889, 63.491704166666665], "3b7l0p.jpg": [43.947248738760841, 44.929122732169333, 42.455224889874891], "1pb5a9.jpg": [95.296148000000002, 95.827310999999995, 84.082969000000006], "10k06q.jpg": [69.626734346370739, 74.158883782918281, 50.105252830211235], "485bng.jpg": [122.40066958161866, 142.40109739368998, 92.518408779149524], "3gun2p.jpg": [51.017152777777781, 53.258217361111114, 49.681780555555555], "3ljzr4.jpg": [69.429477942857886, 69.532037032398648, 69.291515049470689], "3vl1aw.jpg": [88.523673070915336, 89.299624336144959, 75.898798031865041], "3068kc.jpg": [117.42089160997732, 131.27778866213151, 109.02675011337868], "49q36a.jpg": [101.04144088888889, 101.898928, 96.217218222222229], "2fdrr7.jpg": [64.889488999999998, 65.924625000000006, 64.799526], "1jfmvd.jpg": [139.79032120652508, 141.48106518928901, 122.923432440751], "27ag5p.jpg": [123.43829378858025, 126.99674286265432, 121.37407455632716], "1synia.jpg": [57.160487000000003, 57.614305000000002, 56.708432999999999], "1fuor2.jpg": [55.337784050811571, 67.273682724807784, 54.606514380517275], "2gnkqu.jpg": [58.342636718687686, 61.226342255801946, 43.137532593848178], "3c495u.jpg": [127.01105, 133.04139791666665, 122.79340555555555], "19900z.jpg": [70.242686430105849, 75.339877715371685, 65.861178429194155], "3lsr8j.jpg": [77.094267000000002, 79.270488999999998, 63.230871], "187egp.jpg": [58.16610922712934, 61.295141561514193, 43.11016364353312], "3hydmt.jpg": [100.07941848629756, 102.03022699775306, 97.788629947571579], "3el128.jpg": [53.539831161499023, 54.462992668151855, 50.027710914611816], "48ueg9.jpg": [60.538396267361108, 65.724758029513893, 60.107872178819441], "1osvn5.jpg": [49.237515987519068, 113.40442521254275, 48.353707919285426]}