{"3cwxss.jpg": [24.891013249651326, 49.994224546722457, 48.930358437935844], "3dm6ra.jpg": [45.837597222222222, 98.708395138888889, 85.004022916666671], "1ygrvm.jpg": [83.616087500000006, 107.5278984375, 104.4903125], "44p5lm.jpg": [110.7728875, 123.75206875000001, 121.55382625], "3em5ln.jpg": [66.271867, 72.685500000000005, 68.296952000000005], "38pv4h.jpg": [75.897656104380246, 117.96563063063063, 104.11381018949984], "1rwvj9.jpg": [56.177919393252708, 84.370438643142876, 81.912056327606535], "3lht5g.jpg": [53.796206249999997, 55.953386805555553, 54.022933333333334], "43caca.jpg": [49.956367607970364, 57.874184280107116, 50.784107089585135], "3x4b2e.jpg": [79.05717955555555, 103.27596177777778, 102.17291511111111], "1w26vm.jpg": [62.725466836734697, 74.177301020408166, 68.485568877551017], "416xtu.jpg": [86.783919670607702, 98.102499344150047, 88.588485275612612], "3dm77j.jpg": [49.68119466666667, 84.558068888888883, 82.187798222222227], "2gk167.jpg": [79.903222, 80.724114, 80.175708], "3co7kf.jpg": [79.665369779985923, 83.099223648239402, 80.010011950169428], "29j6c7.jpg": [71.421543, 87.198757000000001, 77.046592000000004], "47x2sr.jpg": [28.701242720837179, 32.321058294859959, 31.764978270236995], "1jnibs.jpg": [64.515147243107776, 84.638997493734337, 69.039639724310774], "2awyxq.jpg": [78.549730089661324, 102.00181733153576, 98.914675562244724], "10xu0c.jpg": [149.29901831791003, 151.95050655672998, 150.94301419528384], "410em7.jpg": [72.456167111111114, 108.63782044444444, 92.598945777777772], "3diqwb.jpg": [130.25559570312501, 144.36667499999999, 135.99090898437501], "yvzqk_7.jpg": [59.814033333333334, 111.86493333333334, 90.991500000000002], "3fhscs.jpg": [60.892957325549069, 69.861467889908255, 66.374869335557406], "17laz4.jpg": [110.13982551020408, 117.83995765306122, 115.69070204081633], "yvzqk_3.jpg": [106.0616, 115.35790625, 113.35325625], "39on51.jpg": [89.576123171717228, 96.275976578122112, 95.473218743018535], "3vvfwe.jpg": [59.033365306122448, 66.210492857142853, 61.180824489795917], "3d1xg5.jpg": [106.99846744537354, 123.91246700286865, 107.27655792236328], "xvjww.jpg": [63.953778325038904, 84.678229154196529, 68.848675457048557], "3ilp1u.jpg": [54.557296874999999, 109.63925, 68.912118750000005], "2fvidv.jpg": [116.01312755694285, 126.96836513143924, 121.63634256310075], "48bbf3.jpg": [77.025725333333327, 85.908820444444444, 84.574656444444443], "2qtqtk.jpg": [109.96360778808594, 123.88233375549316, 122.17107582092285], "3r6fps.jpg": [163.76550277777778, 168.0395986111111, 168.00028125], "3fvpbr.jpg": [84.369234479865767, 88.391038171140934, 86.639543484340038], "3dlbax.jpg": [54.557296874999999, 109.63925, 68.912118750000005], "3qa8u6.jpg": [185.04517100000001, 193.10789199999999, 192.29527100000001], "1yxaaq.jpg": [63.847557999999999, 64.638390999999999, 63.940693000000003], "27lnjo.jpg": [87.849063074062556, 137.42146172730133, 127.82831399861155], "3m2y59.jpg": [17.886177777777778, 62.842649305555554, 50.837706944444442], "23iror.jpg": [62.440171999999997, 101.223416, 65.159043999999994], "1w5ioq.jpg": [78.153221130371094, 112.60827891031902, 100.57426071166992], "2re8kw.jpg": [50.283498999999999, 65.130585999999994, 61.470789000000003], "24e268.jpg": [64.55801507646855, 76.156551963851228, 67.088119134515125], "44q3v9.jpg": [160.92089930555557, 165.40981180555556, 164.38467847222222], "42atts.jpg": [74.917179000000004, 77.207842999999997, 75.554312999999993], "1o7xtu.jpg": [84.74042927080346, 89.421665592720217, 89.211559920318408], "1ss0tu.jpg": [39.774710286458337, 49.597859157986115, 48.899458550347219], "3jh3s0.jpg": [37.544077164587222, 45.292321098175982, 44.526270896780957], "42sklr.jpg": [46.090253333333337, 49.045236444444441, 48.785004000000001], "yvzqk_4.jpg": [62.634860113402972, 81.327532158685543, 80.634879767297889], "1gowzh.jpg": [68.607270312500006, 91.856973437500002, 77.240825000000001], "2yloq3.jpg": [89.242027128662187, 97.153003274396113, 95.453213131138597], "1yhk7j.jpg": [27.281214904277519, 69.781892875505335, 56.00304910628774], "3ey4wo.jpg": [77.502283073632753, 92.066445921173241, 82.360915062633666], "48sfv2.jpg": [183.68423333333334, 189.61512222222223, 183.92588611111111], "1dfla8.jpg": [79.217146516393441, 93.156219262295082, 88.302258196721311], "49l2uh.jpg": [163.85989900000001, 166.560351, 164.403749], "29lr54.jpg": [81.101727551020403, 87.910623469387758, 82.194046428571426], "3hwfkw.jpg": [57.278720478887962, 74.464986989072656, 74.406591862562919], "28nlbf.jpg": [76.035935204081639, 76.095363775510208, 76.05481530612245], "3bfp1v.jpg": [143.45672222222223, 146.76595624999999, 145.86294236111112], "38f56v.jpg": [6.541640227471258, 13.082832107944171, 12.704217889230501], "47k7r8.jpg": [47.033493055555553, 49.363146527777779, 47.495079861111108]}