{"12vfmf.jpg": [25.007312819187742, 20.588292459569551, 63.374344525170237], "1hu2jf.jpg": [106.12744402885437, 104.37017703056335, 134.50829792022705], "1tp03g.jpg": [58.121373777777777, 43.09654177777778, 87.017806666666672], "1qjyr7.jpg": [58.867159626656473, 56.461098767201833, 77.780263482734455], "47ps9d.jpg": [26.709872100520293, 26.59766767126985, 31.711184082287495], "1u6fyy.jpg": [91.770569784892444, 83.893077038519266, 132.69646473236619], "3u38dz.jpg": [94.644459218220987, 82.138095413973531, 130.51479864573716], "3dkgm7.jpg": [42.80897507119299, 41.420809372951169, 46.497436301668095], "3cwz9n.jpg": [59.904895183556604, 54.235538909908989, 61.549803149606298], "3xhz1g.jpg": [138.00892200000001, 110.455699, 146.62462600000001], "1xe316.jpg": [82.309241, 76.432649999999995, 112.434168], "1obq8z.jpg": [109.56987854245884, 108.81401348880794, 121.48868981473711], "2padbd.jpg": [47.001024000000001, 46.980328, 53.140833777777779], "2abutj.jpg": [40.370558784783213, 39.938911262364797, 68.771499722658774], "154gs9.jpg": [205.16984124999999, 204.31714124999999, 205.50947875], "13e2ua.jpg": [61.076424305555555, 60.174466666666667, 85.006349999999998], "49dzaa.jpg": [32.474086805555558, 32.411690972222225, 33.058930555555555], "3cfzmk.jpg": [45.528564453125, 45.255553385416668, 51.079161241319447], "3dcph7.jpg": [111.5206017300688, 109.93524812828814, 117.27719369688386], "z357v.jpg": [90.931154102735164, 89.824658299331333, 106.1133287086186], "2v2njs.jpg": [113.773319, 108.107094, 123.50376799999999], "3oxic5.jpg": [23.030919000000001, 21.818897, 24.427682000000001], "48yo6p.jpg": [43.841255187988281, 43.510504722595215, 82.955815315246582], "3cwyx3.jpg": [75.618083412273734, 74.987859904247415, 96.811535369569114], "3jhoax.jpg": [97.885370904405448, 95.285654170245834, 115.63719321389128], "2l08m0.jpg": [47.755075308641977, 32.004946913580248, 114.9017086419753], "10982d.jpg": [117.89615860019902, 116.68891861036055, 124.67571213549778], "3c4890.jpg": [27.57325233498786, 27.571609042696203, 29.523799417964799], "41kdsu.jpg": [45.512197862291821, 41.66945563012677, 127.47513994531444], "47h6hh.jpg": [107.01198372615039, 102.14762065095398, 111.71105780022447], "23s37a.jpg": [11.292132653061225, 11.284863265306122, 12.80428775510204], "3ggkzx.jpg": [158.74474437869821, 152.11544082840237, 161.48131301775149], "1pqjzm.jpg": [116.17920913794882, 108.78533919194085, 121.46378352829966], "31sa4x.jpg": [42.631324652777778, 37.028169444444444, 43.593064236111111], "2sjso7.jpg": [50.223684286639823, 49.26527647623675, 52.99363546438984], "38pva9.jpg": [73.240633000000003, 71.854275000000001, 83.951408000000001], "3pbahn.jpg": [119.87356854997728, 116.36927842524535, 142.80540448674373], "382rt4.jpg": [115.34843275545512, 102.08184339912435, 129.86274583362757], "3fiazy.jpg": [41.880944999999997, 41.308960999999996, 48.509444999999999], "3m3h1o.jpg": [101.58215902777778, 95.025746527777784, 109.63625902777778], "41jxeh.jpg": [60.582909027777781, 59.892202777777776, 64.173094444444445], "3c0lvk.jpg": [38.016870138888891, 36.75212638888889, 58.213627083333336], "3jhp88.jpg": [32.192100830078125, 31.824831542968749, 40.869158325195315], "1t0dhm.jpg": [117.00894081632653, 115.42444285714286, 118.93122857142858], "2jgcgv.jpg": [91.255492000000004, 69.102964, 95.525935555555549], "zktau.jpg": [138.9654263436083, 131.74231854074557, 141.87483153411316], "1jxr4i.jpg": [62.2801193877551, 58.903384183673467, 142.90113112244899], "14we3b.jpg": [52.4101491666123, 50.564172123060587, 52.410361329734862], "3jjwfj.jpg": [37.482680070785797, 33.32993157791249, 38.974330212399231], "1q9qs5.jpg": [55.344971000000001, 49.791156999999998, 57.863255000000002], "47k758.jpg": [28.875422916666668, 28.435288888888888, 71.675346527777776], "3ih579.jpg": [22.388225263600159, 15.754468575821642, 75.538726539697578], "3nurgr.jpg": [144.70428657531738, 144.54257297515869, 162.51536273956299], "3fzud1.jpg": [46.000292859493257, 36.383580947680159, 52.99301414939125], "3izxsk.jpg": [79.806251414051758, 69.901398388416084, 84.219023999721543], "2i39jf.jpg": [42.631324652777778, 37.028169444444444, 43.593064236111111], "1gb7ib.jpg": [41.290004888888888, 41.069990222222224, 47.415226222222223], "1oc3nx.jpg": [44.395156944444444, 34.00370347222222, 53.994904166666664], "3r3cf8.jpg": [59.338655824298023, 56.559849179872117, 66.388443842090638], "2t667z.jpg": [77.423395989974935, 74.678886104149257, 88.935469228627127], "3tz938.jpg": [61.30296065068643, 50.978049535364825, 61.978586229926464], "3ek24r.jpg": [60.218555102040817, 44.134534693877548, 80.639034693877548], "42ydqf.jpg": [98.676410666666669, 95.650848888888888, 118.85213511111111], "1s3o74.jpg": [42.908242543656314, 36.884700973574411, 43.826367640241074], "1ayq48.jpg": [39.211452026367191, 36.912695922851562, 42.973134155273435], "41wkcy.jpg": [45.510390999999998, 41.035536, 47.964973000000001], "48b8gw.jpg": [54.802489583333333, 53.141397222222224, 60.65271111111111], "3fvq1b.jpg": [42.466385000000002, 42.454962999999999, 42.478648], "1ozzv6.jpg": [59.783245138888887, 55.28458333333333, 121.22191805555556], "1i05ro.jpg": [63.723860880270855, 62.466780424746077, 72.264254108956607], "3xvrzn.jpg": [43.157938370810918, 39.570534640315415, 58.213045353169164], "3j8ttw.jpg": [36.228683347590533, 34.241989592244082, 51.5573374679213], "40nmnc.jpg": [39.12687866666667, 35.862534222222223, 44.330283111111115], "3kwvqw.jpg": [181.02315655788178, 161.18582396859605, 250.72439481988917], "3kwtzw.jpg": [109.127667, 102.841027, 122.04676499999999], "3lp4xh.jpg": [27.749542346938775, 27.294257653061223, 30.607198469387754], "3q0cuq.jpg": [86.40229553222656, 86.310846557617182, 90.427173461914066], "3rbpey.jpg": [136.83679900000001, 111.065528, 138.00554399999999], "2617yj.jpg": [72.184532335069449, 70.230585937499995, 83.220888671875002], "1j64m5.jpg": [52.145773887634277, 38.794635772705078, 83.177982330322266], "46j9x2.jpg": [201.71260416666667, 201.53367152777778, 202.0504701388889], "3ha5do.jpg": [28.665967590837941, 28.604563300062903, 68.350339087469479]}